{
    "keywords": [
        "Cypress"
    ],
    "LMS ID": "",
    "fields": {
        "Name": [
            2.7437,
            2.149524193548387,
            4.491282258064516,
            2.4466129032258066
        ],
        "Certificate type": [
            2.07962,
            3.3903064516129033,
            5.5048790322580645,
            3.6699193548387097
        ],
        "Training period": [
            2.25438,
            4.281572580645162,
            5.452451612903226,
            4.561185483870968
        ],
        "Issue info": [
            1.93981,
            5.539830645161291,
            5.71458870967742,
            7.532072580645162
        ],
        "Company": [
            1.10098,
            0.31456451612903225,
            6.046629032258064,
            0.8213629032258065
        ]
    }
}