{
    "keywords": [
        "SCC german TUV Rheinland"
    ],
    "LMS ID": "SCC",
    "fields": {
        "Name": [
            2.62581,
            2.891935483870968,
            4.151612903225807,
            3.1758064516129036
        ],
        "Certificate type": [
            0.58548,
            1.4903225806451612,
            3.761290322580645,
            1.9516129032258067
        ],
        "Training period": [
            2.9629,
            3.459677419354839,
            4.258064516129032,
            3.7790322580645164
        ],
        "Issue info": [
            2.82097,
            8.338709677419354,
            5.588709677419355,
            8.8
        ],
        "Company": [
            5.92581,
            0.3903225806451613,
            8.001612903225807,
            0.7806451612903226
        ]
    }
}